<?xml version="1.0" encoding="UTF-8"?>
<launch4jConfig>
  <dontWrapJar>false</dontWrapJar>
  <headerType>gui</headerType>
  <jar>G:\JAVA\SLIIT APPLICATION\dist\SLIIT_APPLICATION.jar</jar>
  <outfile>G:\JAVA\SLIIT APPLICATION\TimeTable.exe</outfile>
  <errTitle>Please install java first</errTitle>
  <cmdLine></cmdLine>
  <chdir>.</chdir>
  <priority>normal</priority>
  <downloadUrl>http://java.com/download</downloadUrl>
  <supportUrl></supportUrl>
  <stayAlive>false</stayAlive>
  <restartOnCrash>false</restartOnCrash>
  <manifest></manifest>
  <icon>C:\Users\CHATA\Downloads\timetable_afh_icon.ico</icon>
  <singleInstance>
    <mutexName>TimeTableManager</mutexName>
    <windowTitle>Time Table Management System</windowTitle>
  </singleInstance>
  <jre>
    <path></path>
    <bundledJre64Bit>false</bundledJre64Bit>
    <bundledJreAsFallback>false</bundledJreAsFallback>
    <minVersion>1.8.0</minVersion>
    <maxVersion></maxVersion>
    <jdkPreference>preferJre</jdkPreference>
    <runtimeBits>64/32</runtimeBits>
  </jre>
  <versionInfo>
    <fileVersion>1.0.0.0</fileVersion>
    <txtFileVersion>1.0.0.0</txtFileVersion>
    <fileDescription>Time table Management System</fileDescription>
    <copyright>SLIIT</copyright>
    <productVersion>1.0.0.0</productVersion>
    <txtProductVersion>1.0.0.0</txtProductVersion>
    <productName>TimeTableManager</productName>
    <companyName></companyName>
    <internalName>TimeTableManager</internalName>
    <originalFilename>TimeTable.exe</originalFilename>
    <trademarks></trademarks>
    <language>ENGLISH_US</language>
  </versionInfo>
</launch4jConfig>